1,1,COOCH BEHAR,1,Bankura South,1,Bankura,1,Bankura,1,Taribeterdihi,159,23.2154,86.9832
2,1,COOCH BEHAR,1,Bankura South,1,Bankura,1,Bankura,2,Siarbada,133,23.2126,86.9756
3,1,COOCH BEHAR,1,Bankura South,1,Bankura,1,Bankura,3,Dadhimukha,189,23.3637,87.2978
4,1,COOCH BEHAR,1,Bankura South,1,Bankura,1,Bankura,4,Chack-Jagadalla,195,23.1853,87.0544
5,1,COOCH BEHAR,1,Bankura South,1,Bankura,1,Bankura,5,Laxmi Jagard,96,22.9272,87.0134
6,1,COOCH BEHAR,1,Bankura South,1,Bankura,1,Bankura,6,Benajira,60,23.1764,87.068
7,1,COOCH BEHAR,1,Bankura South,1,Bankura,1,Bankura,7,Chegulia,3,23.166,87.054
8,1,COOCH BEHAR,1,Bankura South,1,Bankura,1,Bankura,8,Dhulidihi,97,23.2354,86.9496
9,1,COOCH BEHAR,1,Bankura South,1,Bankura,1,Bankura,9,Chelama,144,23.1811,86.9815
10,1,COOCH BEHAR,1,Bankura South,1,Bankura,1,Bankura,10,Dhubraji,152,23.1856,87.014
